File_Name,Transcription,Normalized_Transcription
chunk_000.wav,{'text': ' An Occurrence at Owl Creek Bridge by Ambrose Bierce Original Narration by Nicholas Krause'},{'text': ' An Occurrence at Owl Creek Bridge by Ambrose Bierce Original Narration by Nicholas Krause'}
chunk_001.wav,"{'text': "" A man stood upon a railroad bridge in northern Alabama, looking down into the swift water twenty feet below. The man's hand""}","{'text': "" A man stood upon a railroad bridge in northern Alabama, looking down into the swift water twenty feet below. The man's hand""}"
chunk_002.wav,{'text': ' The Slade'},{'text': ' The Slade'}
chunk_003.wav,{'text': ' The black fell to the level of his knees. Some loose boards laid upon the sleepers supporting the metals of the railway supplied a footing for him and his executioners.'},{'text': ' The black fell to the level of his knees. Some loose boards laid upon the sleepers supporting the metals of the railway supplied a footing for him and his executioners.'}
chunk_004.wav,{'text': ' The Federal Army.'},{'text': ' The Federal Army.'}
chunk_005.wav,"{'text': ' was an officer in the uniform of his rank, armed. He was a captain. A sentinel at each end of the bridge stood with his rifle in his hand,'}","{'text': ' was an officer in the uniform of his rank, armed. He was a captain. A sentinel at each end of the bridge stood with his rifle in his hand,'}"
chunk_006.wav,"{'text': ' the position known as support, that is to say, vertical, in front of the left shoulder, the hammer resting on the forearm, thrown straight across the chest, a formal'}","{'text': ' the position known as support, that is to say, vertical, in front of the left shoulder, the hammer resting on the forearm, thrown straight across the chest, a formal'}"
chunk_007.wav,"{'text': ' and unnatural position, enforcing an erect carriage of the body. It did not appear to be the duty of these two men to know what was occurring at the center of the bridge.'}","{'text': ' and unnatural position, enforcing an erect carriage of the body. It did not appear to be the duty of these two men to know what was occurring at the center of the bridge.'}"
chunk_008.wav,"{'text': ' They merely blockaded the two ends of the foot planking that traversed it. Beyond one of the sentinels, nobody was in sight. The railroad ran straight away into a forest'}","{'text': ' They merely blockaded the two ends of the foot planking that traversed it. Beyond one of the sentinels, nobody was in sight. The railroad ran straight away into a forest'}"
chunk_009.wav,"{'text': ' for a hundred yards, then, curving, was lost to view. Doubtless there was an outpost farther along. The other bank of the stream was open ground,'}","{'text': ' for a hundred yards, then, curving, was lost to view. Doubtless there was an outpost farther along. The other bank of the stream was open ground,'}"
chunk_010.wav,"{'text': ' A gentle acclivity, topped with a stockade of vertical tree trunks, loopholed for rifles, with a single embrasure through, which protruded the muzzle of a brass cannon,'}","{'text': ' A gentle acclivity, topped with a stockade of vertical tree trunks, loopholed for rifles, with a single embrasure through, which protruded the muzzle of a brass cannon,'}"
chunk_011.wav,"{'text': ' commanding the bridge. Midway of the slope between bridge and fort were the spectators, a single company of infantry in line at parade rest, the butts of'}","{'text': ' commanding the bridge. Midway of the slope between bridge and fort were the spectators, a single company of infantry in line at parade rest, the butts of'}"
chunk_012.wav,{'text': ' the'},{'text': ' the'}
chunk_013.wav,"{'text': ' The company faced the bridge, staring.'}","{'text': ' The company faced the bridge, staring.'}"
chunk_014.wav,{'text': ' The captain stood with folded arms.'},{'text': ' The captain stood with folded arms.'}
chunk_015.wav,"{'text': ' silent, observing the work of his subordinates, but making no sign. Death is a dignitary who, when he comes announced, is to be received with formal mannerisms'}","{'text': ' silent, observing the work of his subordinates, but making no sign. Death is a dignitary who, when he comes announced, is to be received with formal mannerisms'}"
chunk_016.wav,"{'text': ' of respect, even by those most familiar with him. In the code of military etiquette, silence and fixity are forms of deference.'}","{'text': ' of respect, even by those most familiar with him. In the code of military etiquette, silence and fixity are forms of deference.'}"
chunk_017.wav,"{'text': ' The man who was engaged in being hanged was apparently about thirty-five years of age. He was a civilian, if one might judge from his habits, which was that of a planter.'}","{'text': ' The man who was engaged in being hanged was apparently about thirty-five years of age. He was a civilian, if one might judge from his habits, which was that of a planter.'}"
chunk_018.wav,"{'text': ' features were good. A straight nose, firm mouth, broad forehead, from which his long, dark hair was combed straight back, falling behind his ears to the collar of his well'}","{'text': ' features were good. A straight nose, firm mouth, broad forehead, from which his long, dark hair was combed straight back, falling behind his ears to the collar of his well'}"
chunk_019.wav,"{'text': ' fitting frock coat. He wore a mustache and pointed beard, but no whiskers. His eyes were large and dark gray, and had a kindly expression which one would'}","{'text': ' fitting frock coat. He wore a mustache and pointed beard, but no whiskers. His eyes were large and dark gray, and had a kindly expression which one would'}"
chunk_020.wav,{'text': ' The liberal military code makes provisions'},{'text': ' The liberal military code makes provisions'}
chunk_021.wav,"{'text': ' The preparations being complete, the two private soldiers stepped aside'}","{'text': ' The preparations being complete, the two private soldiers stepped aside'}"
chunk_022.wav,"{'text': ' and each drew away the plank upon which he had been standing. The sergeant turned to the captain, saluted, and placed himself immediately behind that officer, who in turn moved apart'}","{'text': ' and each drew away the plank upon which he had been standing. The sergeant turned to the captain, saluted, and placed himself immediately behind that officer, who in turn moved apart'}"
chunk_023.wav,"{'text': ' one piece. These movements left the condemned man and the sergeant standing on the two ends of the same plank, which spanned three of the cross-ties of the bridge. The end'}","{'text': ' one piece. These movements left the condemned man and the sergeant standing on the two ends of the same plank, which spanned three of the cross-ties of the bridge. The end'}"
chunk_024.wav,"{'text': ' upon which the civilians stood almost, but not quite, reached a fourth. This plank had been held in place by the weight of the captain. It was now held by that of the sergeant.'}","{'text': ' upon which the civilians stood almost, but not quite, reached a fourth. This plank had been held in place by the weight of the captain. It was now held by that of the sergeant.'}"
chunk_025.wav,"{'text': ' At a signal from the former, the latter would step aside, the plank would tilt, and the condemned man go down between two ties. The arrangement commended'}","{'text': ' At a signal from the former, the latter would step aside, the plank would tilt, and the condemned man go down between two ties. The arrangement commended'}"
chunk_026.wav,"{'text': ' itself to his judgment as simple and effective. His face had not been covered, nor his eyes bandaged. He looked a moment at his unsteadfast footing.'}","{'text': ' itself to his judgment as simple and effective. His face had not been covered, nor his eyes bandaged. He looked a moment at his unsteadfast footing.'}"
chunk_027.wav,"{'text': ' and let his gaze wander to the swirling water of the stream racing madly beneath his feet. A piece of dancing driftwood caught his attention, and his eyes followed it down the'}","{'text': ' and let his gaze wander to the swirling water of the stream racing madly beneath his feet. A piece of dancing driftwood caught his attention, and his eyes followed it down the'}"
chunk_028.wav,{'text': ' current. How slowly it appeared to move! What a sluggish stream! He closed his eyes in order to fix his last thoughts upon his wife and children.'},{'text': ' current. How slowly it appeared to move! What a sluggish stream! He closed his eyes in order to fix his last thoughts upon his wife and children.'}
chunk_029.wav,"{'text': ' The water, touched to gold by the early sun, The brooding mists under the banks at some distance down the stream, The fort, the soldiers, the peace of drift'}","{'text': ' The water, touched to gold by the early sun, The brooding mists under the banks at some distance down the stream, The fort, the soldiers, the peace of drift'}"
chunk_030.wav,"{'text': "" All had distracted him, and now he became conscious of a new disturbance. Striking through the thought of his dear ones was a metallic percussion like the stroke of a blacksmith's""}","{'text': "" All had distracted him, and now he became conscious of a new disturbance. Striking through the thought of his dear ones was a metallic percussion like the stroke of a blacksmith's""}"
chunk_031.wav,"{'text': ' hammer upon the anvil. It had the same ringing quality. He wondered what it was, and whether immeasurably distant or nearby, it seemed both. Its recurrence'}","{'text': ' hammer upon the anvil. It had the same ringing quality. He wondered what it was, and whether immeasurably distant or nearby, it seemed both. Its recurrence'}"
chunk_032.wav,"{'text': ' was regular, but as slow as the tolling of a death-knell. He awaited each stoke with impatience and, he knew not why, apprehension.'}","{'text': ' was regular, but as slow as the tolling of a death-knell. He awaited each stoke with impatience and, he knew not why, apprehension.'}"
chunk_033.wav,"{'text': ' The intervals of silence grew progressively longer. The delays became maddening. With their greater infrequency, the sounds increased in strength and sharpness. They hurt his ear like the'}","{'text': ' The intervals of silence grew progressively longer. The delays became maddening. With their greater infrequency, the sounds increased in strength and sharpness. They hurt his ear like the'}"
chunk_034.wav,{'text': ' thrust of a knife. He feared he would shriek. What he heard was the ticking of his watch. He unclosed his eyes and saw again the water below him.'},{'text': ' thrust of a knife. He feared he would shriek. What he heard was the ticking of his watch. He unclosed his eyes and saw again the water below him.'}
chunk_035.wav,"{'text': ' If I could free my hands, he thought, I might throw off the noose and spring into the stream. By diving, I could evade the bullets, and swimming vigorously...'}","{'text': ' If I could free my hands, he thought, I might throw off the noose and spring into the stream. By diving, I could evade the bullets, and swimming vigorously...'}"
chunk_036.wav,"{'text': ' reach the bank, take to the woods, and get away home. My home, thank God, is as yet outside their lines. My wife and little ones are'}","{'text': ' reach the bank, take to the woods, and get away home. My home, thank God, is as yet outside their lines. My wife and little ones are'}"
chunk_037.wav,"{'text': "" still beyond the invaders farthest advance as these thoughts which have here to be set down in words were flashed into the doomed man's brain""}","{'text': "" still beyond the invaders farthest advance as these thoughts which have here to be set down in words were flashed into the doomed man's brain""}"
chunk_038.wav,"{'text': ' rather than evolved from it, the captain nodded to the sergeant. The sergeant stepped aside. 2. Peyton Farquhar was a'}","{'text': ' rather than evolved from it, the captain nodded to the sergeant. The sergeant stepped aside. 2. Peyton Farquhar was a'}"
chunk_039.wav,"{'text': ' well-to-do planter of an old and highly respected Alabama family. Being a slave owner, and like other slave owners, a politician, he was naturally an original'}","{'text': ' well-to-do planter of an old and highly respected Alabama family. Being a slave owner, and like other slave owners, a politician, he was naturally an original'}"
chunk_040.wav,"{'text': ' The following is a work of fiction. Any resemblance to actual persons, living or dead, is purely coincidental.'}","{'text': ' The following is a work of fiction. Any resemblance to actual persons, living or dead, is purely coincidental.'}"
chunk_041.wav,{'text': ' The End'},{'text': ' The End'}
chunk_042.wav,"{'text': ' of the soldier the opportunity for distinction. That opportunity, he felt, would come as it comes to all in wartime. Meanwhile, he did what he'}","{'text': ' of the soldier the opportunity for distinction. That opportunity, he felt, would come as it comes to all in wartime. Meanwhile, he did what he'}"
chunk_043.wav,"{'text': ' could. No service was too humble for him to perform in aid of the South, no adventure too perilous for him to undertake, if consistent with the character of a civilian who was, at'}","{'text': ' could. No service was too humble for him to perform in aid of the South, no adventure too perilous for him to undertake, if consistent with the character of a civilian who was, at'}"
chunk_044.wav,"{'text': ' heart a soldier, and who in good faith and without too much qualification assented to at least a part of the frankly villainous dictum that all is fair in love and'}","{'text': ' heart a soldier, and who in good faith and without too much qualification assented to at least a part of the frankly villainous dictum that all is fair in love and'}"
chunk_045.wav,"{'text': ' war. One evening while Farquharn and his wife were sitting on a rustic bench near the entrance to his grounds, a gray-clad soldier rode up to the gate and asked for a drink of'}","{'text': ' war. One evening while Farquharn and his wife were sitting on a rustic bench near the entrance to his grounds, a gray-clad soldier rode up to the gate and asked for a drink of'}"
chunk_046.wav,"{'text': ' of water. Mrs. Farquhar was only too happy to serve him with her own white hands. While she was fetching the water, her husband approached the dusty horseman'}","{'text': ' of water. Mrs. Farquhar was only too happy to serve him with her own white hands. While she was fetching the water, her husband approached the dusty horseman'}"
chunk_047.wav,"{'text': ' and inquired eagerly for news from the front. The Yanks are repairing the railroads, said the man, and are getting ready for another advance. They have reached the'}","{'text': ' and inquired eagerly for news from the front. The Yanks are repairing the railroads, said the man, and are getting ready for another advance. They have reached the'}"
chunk_048.wav,"{'text': ' The commandant has issued an order, which is posted everywhere, declaring that any civilian'}","{'text': ' The commandant has issued an order, which is posted everywhere, declaring that any civilian'}"
chunk_049.wav,{'text': ' How far is it to Owl Creek Bridge?'},{'text': ' How far is it to Owl Creek Bridge?'}
chunk_050.wav,{'text': ' Farquhar asked. About thirty miles. Is there no force on this side the creek? Only a picket post half a mile out on the railroad.'},{'text': ' Farquhar asked. About thirty miles. Is there no force on this side the creek? Only a picket post half a mile out on the railroad.'}
chunk_051.wav,"{'text': ' and a single sentinel at this end of the bridge. Suppose a man, a civilian and student of hanging, should elude the picket post and perhaps get the better of the sentinels.'}","{'text': ' and a single sentinel at this end of the bridge. Suppose a man, a civilian and student of hanging, should elude the picket post and perhaps get the better of the sentinels.'}"
chunk_052.wav,"{'text': ' said Fargahar, smiling. What could he accomplish? The soldier reflected. I was there a month ago, he replied.'}","{'text': ' said Fargahar, smiling. What could he accomplish? The soldier reflected. I was there a month ago, he replied.'}"
chunk_053.wav,{'text': ' I observed that the flood of last winter had lodged a great quantity of driftwood against the wooden pier at this end of the bridge. It is now dry and would burn like tow.'},{'text': ' I observed that the flood of last winter had lodged a great quantity of driftwood against the wooden pier at this end of the bridge. It is now dry and would burn like tow.'}
chunk_054.wav,"{'text': ' The lady had now brought the water, which the soldier drank. He thanked her ceremoniously, bowed to her husband, and rode away. An hour later, after nightfall,'}","{'text': ' The lady had now brought the water, which the soldier drank. He thanked her ceremoniously, bowed to her husband, and rode away. An hour later, after nightfall,'}"
chunk_055.wav,"{'text': ' fall, he repassed the plantation, going northward in the direction from which he had come. He was a Federal Scout.'}","{'text': ' fall, he repassed the plantation, going northward in the direction from which he had come. He was a Federal Scout.'}"
chunk_056.wav,"{'text': ' As Paitan Farquhar fell straight downward through the bridge, he lost consciousness and was as one already dead. From this state he was awakened.'}","{'text': ' As Paitan Farquhar fell straight downward through the bridge, he lost consciousness and was as one already dead. From this state he was awakened.'}"
chunk_057.wav,{'text': ' Agony.'},{'text': ' Agony.'}
chunk_058.wav,"{'text': ' knees seemed to shoot from his neck downward through every fiber of his body and limbs. These pains appeared to flash along well-defined lines of ramification,'}","{'text': ' knees seemed to shoot from his neck downward through every fiber of his body and limbs. These pains appeared to flash along well-defined lines of ramification,'}"
chunk_059.wav,{'text': ' and to beat with an inconceivably rapid periodicity. They seemed like streams of pulsating fire heating him to an intolerable temperature. As to'},{'text': ' and to beat with an inconceivably rapid periodicity. They seemed like streams of pulsating fire heating him to an intolerable temperature. As to'}
chunk_060.wav,"{'text': ' his head, he was conscious of nothing but a feeling of fullness, of congestion. These sensations were unaccompanied by thought, the intellectual part'}","{'text': ' his head, he was conscious of nothing but a feeling of fullness, of congestion. These sensations were unaccompanied by thought, the intellectual part'}"
chunk_061.wav,"{'text': ' of his nature was already effaced. He had power only to feel, and feeling was torment. He was conscious of motion, encompassed in'}","{'text': ' of his nature was already effaced. He had power only to feel, and feeling was torment. He was conscious of motion, encompassed in'}"
chunk_062.wav,"{'text': ' He swung through unthinkable arcs of oscillation like a vast, pale,'}","{'text': ' He swung through unthinkable arcs of oscillation like a vast, pale,'}"
chunk_063.wav,"{'text': ' Then, all at once, with terrible suddenness, the light about him shot upward with the noise of a loud plash. A frightful roaring was in his ears.'}","{'text': ' Then, all at once, with terrible suddenness, the light about him shot upward with the noise of a loud plash. A frightful roaring was in his ears.'}"
chunk_064.wav,"{'text': ' and all was cold and dark. The power of thought was restored. He knew that the rope had broken, and he had fallen into the stream. There was no additional strategy'}","{'text': ' and all was cold and dark. The power of thought was restored. He knew that the rope had broken, and he had fallen into the stream. There was no additional strategy'}"
chunk_065.wav,{'text': ' The noose about his neck was already suffocating him and kept the water from his lungs. To die of hanging at the bottom of a river. The idea seemed to him...'},{'text': ' The noose about his neck was already suffocating him and kept the water from his lungs. To die of hanging at the bottom of a river. The idea seemed to him...'}
chunk_066.wav,"{'text': ' He opened his eyes in the darkness and saw above him a gleam of light, but how distant, how inaccessible! He was still sinking.'}","{'text': ' He opened his eyes in the darkness and saw above him a gleam of light, but how distant, how inaccessible! He was still sinking.'}"
chunk_067.wav,"{'text': ' for the light became fainter and fainter until it was a mere glimmer. Then it began to grow and brighten, and he knew that he was rising toward the surface, knew it with reluctance,'}","{'text': ' for the light became fainter and fainter until it was a mere glimmer. Then it began to grow and brighten, and he knew that he was rising toward the surface, knew it with reluctance,'}"
chunk_068.wav,"{'text': ' for he was now very comfortable to be hanged and drowned, he thought. That is not so bad, but I do not wish to be shot. No, I will not'}","{'text': ' for he was now very comfortable to be hanged and drowned, he thought. That is not so bad, but I do not wish to be shot. No, I will not'}"
chunk_069.wav,"{'text': ' be shot! That is not fair!"" He was not conscious of an effort, but a sharp pain in his wrist apprised him that he was trying to free his hands.'}","{'text': ' be shot! That is not fair!"" He was not conscious of an effort, but a sharp pain in his wrist apprised him that he was trying to free his hands.'}"
chunk_070.wav,{'text': ' What splendid effort! What magnificent! What superspecialty!'},{'text': ' What splendid effort! What magnificent! What superspecialty!'}
chunk_071.wav,"{'text': ' human strength. Ah, that was a fine endeavor. Bravo! The cord fell away, his arms parted and floated upward, the hands dimly seen on each'}","{'text': ' human strength. Ah, that was a fine endeavor. Bravo! The cord fell away, his arms parted and floated upward, the hands dimly seen on each'}"
chunk_072.wav,{'text': ' He watched them with a new interest as first one and then the other pounced upon the noose at his neck. They tore it away.'},{'text': ' He watched them with a new interest as first one and then the other pounced upon the noose at his neck. They tore it away.'}
chunk_073.wav,"{'text': ' way and thrust it fiercely aside, its undulations resembling those of a water snake. Put it back! Put it back! He thought he shouted these words to his pang that'}","{'text': ' way and thrust it fiercely aside, its undulations resembling those of a water snake. Put it back! Put it back! He thought he shouted these words to his pang that'}"
chunk_074.wav,"{'text': "" he had not yet experienced. I'm sorry. He thought he shouted these words to his hands, for the undoing of the noose had been succeeded by the direst pang that he had not""}","{'text': "" he had not yet experienced. I'm sorry. He thought he shouted these words to his hands, for the undoing of the noose had been succeeded by the direst pang that he had not""}"
chunk_075.wav,"{'text': ' yet experienced. His neck ached horribly, his brain was on fire, his heart, which had been fluttering faintly, gave a great leap trying to force itself out'}","{'text': ' yet experienced. His neck ached horribly, his brain was on fire, his heart, which had been fluttering faintly, gave a great leap trying to force itself out'}"
chunk_076.wav,{'text': ' The water is boiling.'},{'text': ' The water is boiling.'}
chunk_077.wav,"{'text': "" The next chapter is the one that I'm going to be talking about.""}","{'text': "" The next chapter is the one that I'm going to be talking about.""}"
chunk_078.wav,"{'text': ' ""\'and with a supreme and crowning agony ""\'his lungs engulfed a great draught of air, ""\'which instantly he expelled in a shriek.'}","{'text': ' ""\'and with a supreme and crowning agony ""\'his lungs engulfed a great draught of air, ""\'which instantly he expelled in a shriek.'}"
chunk_079.wav,"{'text': ' He was now in full possession of his physical senses. They were, indeed, preternaturally keen and alert. Something in the awful disturbance of the organic system had so exuded'}","{'text': ' He was now in full possession of his physical senses. They were, indeed, preternaturally keen and alert. Something in the awful disturbance of the organic system had so exuded'}"
chunk_080.wav,{'text': ' He looked at the forest.'},{'text': ' He looked at the forest.'}
chunk_081.wav,{'text': ' The locusts.'},{'text': ' The locusts.'}
chunk_082.wav,"{'text': ' flies, the gray spiders stretching their webs from twig to twig. He noted the prismatic colors in all the dewdrops upon a million blades of grass. The humming of the gnat'}","{'text': ' flies, the gray spiders stretching their webs from twig to twig. He noted the prismatic colors in all the dewdrops upon a million blades of grass. The humming of the gnat'}"
chunk_083.wav,"{'text': "" that danced above the eddies of the stream, the beating of the dragonfly's wings, the strokes of the water spider's legs, like oars which had lifted their boat, all the""}","{'text': "" that danced above the eddies of the stream, the beating of the dragonfly's wings, the strokes of the water spider's legs, like oars which had lifted their boat, all the""}"
chunk_084.wav,"{'text': ' made audible sound and music. A fish slid along beneath his eyes, and he heard the rush of its body parting the water.'}","{'text': ' made audible sound and music. A fish slid along beneath his eyes, and he heard the rush of its body parting the water.'}"
chunk_085.wav,"{'text': ' He had come to the surface facing the stream. In a moment, the visible world seemed to wheel slowly round, himself the pivotal point, and he saw the bridge, the fort,'}","{'text': ' He had come to the surface facing the stream. In a moment, the visible world seemed to wheel slowly round, himself the pivotal point, and he saw the bridge, the fort,'}"
chunk_086.wav,"{'text': ' the soldiers upon the bridge, the captain, the sergeant, the two privates, his executioners. They were in silhouette against the blue sky. They shone'}","{'text': ' the soldiers upon the bridge, the captain, the sergeant, the two privates, his executioners. They were in silhouette against the blue sky. They shone'}"
chunk_087.wav,"{'text': ' The captain had drawn his pistol, but did not fire. The others were unarmed, their movements were grossly unmoved.'}","{'text': ' The captain had drawn his pistol, but did not fire. The others were unarmed, their movements were grossly unmoved.'}"
chunk_088.wav,"{'text': ' ""\'protesque and horrible, their forms gigantic. ""\'Suddenly he heard a sharp report ""\'and something struck the water smartly ""\'within a few inches of his head.\''}","{'text': ' ""\'protesque and horrible, their forms gigantic. ""\'Suddenly he heard a sharp report ""\'and something struck the water smartly ""\'within a few inches of his head.\''}"
chunk_089.wav,"{'text': ' spattering his face with spray. He heard a second report and saw one of the sentinels with his rifle at his shoulder, a light cloud of blue smoke rising from the muzzle,'}","{'text': ' spattering his face with spray. He heard a second report and saw one of the sentinels with his rifle at his shoulder, a light cloud of blue smoke rising from the muzzle,'}"
chunk_090.wav,{'text': ' The man in the water saw the eye of the man on the bridge gazing into his own through the sights of the rifle. He observed that it was a gray eye and remembered having read that gray'},{'text': ' The man in the water saw the eye of the man on the bridge gazing into his own through the sights of the rifle. He observed that it was a gray eye and remembered having read that gray'}
chunk_091.wav,"{'text': ' eyes were keenest, and that all famous marksmen had them. Nevertheless, this one had missed. A counter-swirl had carted Farquhar and'}","{'text': ' eyes were keenest, and that all famous marksmen had them. Nevertheless, this one had missed. A counter-swirl had carted Farquhar and'}"
chunk_092.wav,"{'text': ' turned him half round. He was again looking into the forest on the bank opposite the fort. The sound of a clear, high voice and a monotonous sing-song now rang out behind him,'}","{'text': ' turned him half round. He was again looking into the forest on the bank opposite the fort. The sound of a clear, high voice and a monotonous sing-song now rang out behind him,'}"
chunk_093.wav,"{'text': ' came across the water with a distinctness that pierced and subdued all other sounds, even the beating of the ripples in his ears. Although no soldier, he had frequented Calvary'}","{'text': ' came across the water with a distinctness that pierced and subdued all other sounds, even the beating of the ripples in his ears. Although no soldier, he had frequented Calvary'}"
chunk_094.wav,{'text': ' How cold!'},{'text': ' How cold!'}
chunk_095.wav,{'text': ' With what accurately measured interval...'},{'text': ' With what accurately measured interval...'}
chunk_096.wav,"{'text': ' fail those cruel words. Attention company! Shoulder arms ready, aim, fire!'}","{'text': ' fail those cruel words. Attention company! Shoulder arms ready, aim, fire!'}"
chunk_097.wav,"{'text': ' Farquhar dived, dived as deeply as he could. The water roared in his ears like the voice of Niagara, yet he heard the dull thunder of the volley, and, rising'}","{'text': ' Farquhar dived, dived as deeply as he could. The water roared in his ears like the voice of Niagara, yet he heard the dull thunder of the volley, and, rising'}"
chunk_098.wav,"{'text': ' again towards the surface, met shining bits of metal singularly flattened, oscillating slowly downward. Some of them touched him on the face and hands, then fell away'}","{'text': ' again towards the surface, met shining bits of metal singularly flattened, oscillating slowly downward. Some of them touched him on the face and hands, then fell away'}"
chunk_099.wav,"{'text': ' continuing their descent, one lodged between his collar and neck. It was uncomfortably warm, and he snatched it out. As he rose to the'}","{'text': ' continuing their descent, one lodged between his collar and neck. It was uncomfortably warm, and he snatched it out. As he rose to the'}"
chunk_100.wav,"{'text': "" surface, gasping for breath. He saw that he had been a long time underwater. He was perceptibly farther downstream, nearer to safety. The soldiers had almost finished R'hlo""}","{'text': "" surface, gasping for breath. He saw that he had been a long time underwater. He was perceptibly farther downstream, nearer to safety. The soldiers had almost finished R'hlo""}"
chunk_101.wav,"{'text': ' the metal ramrods flashed all at once in the sunshine as they were drawn from the barrels, turned in the air, and thrust into their sockets. The two sentinels fired'}","{'text': ' the metal ramrods flashed all at once in the sunshine as they were drawn from the barrels, turned in the air, and thrust into their sockets. The two sentinels fired'}"
chunk_102.wav,{'text': ' again independently and ineffectually. The hunted man saw all this over his shoulder. He was now swimming vigorously with the currents. His brain was as'},{'text': ' again independently and ineffectually. The hunted man saw all this over his shoulder. He was now swimming vigorously with the currents. His brain was as'}
chunk_103.wav,"{'text': "" energetic as his arms and legs, he thought with the rapidity of lightning. The officer, he reasoned, will not make that martinet's error a second time.""}","{'text': "" energetic as his arms and legs, he thought with the rapidity of lightning. The officer, he reasoned, will not make that martinet's error a second time.""}"
chunk_104.wav,"{'text': ' It is as easy to dodge a volley as a single shot. He has probably already given the command to fire at will. God help me, I cannot dodge them all.'}","{'text': ' It is as easy to dodge a volley as a single shot. He has probably already given the command to fire at will. God help me, I cannot dodge them all.'}"
chunk_105.wav,"{'text': ' An appalling plash within two yards of him was followed by a loud rushing sound, diminuendo, which seemed to travel back through'}","{'text': ' An appalling plash within two yards of him was followed by a loud rushing sound, diminuendo, which seemed to travel back through'}"
chunk_106.wav,"{'text': ' the air to the fort and died in an explosion which stirred the very river to its deeps. A rising sheet of water curved over him, fell down upon him,'}","{'text': ' the air to the fort and died in an explosion which stirred the very river to its deeps. A rising sheet of water curved over him, fell down upon him,'}"
chunk_107.wav,"{'text': ' The cannon had taken a hand in the game. As he shook his head free from the commotion of the smitten water, he heard the deflected shot humming'}","{'text': ' The cannon had taken a hand in the game. As he shook his head free from the commotion of the smitten water, he heard the deflected shot humming'}"
chunk_108.wav,"{'text': ' through the air ahead, and in an instant it was cracking and smashing the branches in the forest beyond. They will not do that again, he thought. The next time they will use a'}","{'text': ' through the air ahead, and in an instant it was cracking and smashing the branches in the forest beyond. They will not do that again, he thought. The next time they will use a'}"
chunk_109.wav,{'text': ' That is a good gun.'},{'text': ' That is a good gun.'}
chunk_110.wav,"{'text': ' Suddenly he felt himself whirled round and round, spinning like a top. The water, the banks, the forests, the now distant bridge, fort and men, all'}","{'text': ' Suddenly he felt himself whirled round and round, spinning like a top. The water, the banks, the forests, the now distant bridge, fort and men, all'}"
chunk_111.wav,"{'text': ' He had been co-mangled and blurred. Objects were represented by their colors only. Circular, horizontal streaks of color. That was all that he saw. He had been co-mangled and blurred.'}","{'text': ' He had been co-mangled and blurred. Objects were represented by their colors only. Circular, horizontal streaks of color. That was all that he saw. He had been co-mangled and blurred.'}"
chunk_112.wav,{'text': ' caught in a vortex and was being whirled on with a velocity of advance and gyration that made him giddy and sick. In a few moments he was flung upon the gravel at the foot of'},{'text': ' caught in a vortex and was being whirled on with a velocity of advance and gyration that made him giddy and sick. In a few moments he was flung upon the gravel at the foot of'}
chunk_113.wav,"{'text': ' the left bank of the stream, the southern bank, and behind a projecting point which concealed him from his enemies. The sudden arrest of his motion, the abrasion of one of his hands'}","{'text': ' the left bank of the stream, the southern bank, and behind a projecting point which concealed him from his enemies. The sudden arrest of his motion, the abrasion of one of his hands'}"
chunk_114.wav,"{'text': ' on the gravel, restored him, and he wept with delight. He dug his fingers into the sand, threw it over himself in handfuls, and audibly'}","{'text': ' on the gravel, restored him, and he wept with delight. He dug his fingers into the sand, threw it over himself in handfuls, and audibly'}"
chunk_115.wav,"{'text': ' blessed it. It looked like diamonds, rubies, emeralds. He could think of nothing beautiful which it did not resemble. The trees upon the'}","{'text': ' blessed it. It looked like diamonds, rubies, emeralds. He could think of nothing beautiful which it did not resemble. The trees upon the'}"
chunk_116.wav,{'text': ' The End'},{'text': ' The End'}
chunk_117.wav,"{'text': ' The wind made in their branches the music of Aeolian harps. He had no wish to perfect his escape, was content to remain in that enchanting place.'}","{'text': ' The wind made in their branches the music of Aeolian harps. He had no wish to perfect his escape, was content to remain in that enchanting place.'}"
chunk_118.wav,{'text': ' spot until retaken. A whiz and rattle of grapeshot among the branches high above his head roused him from his dream. The baffled cannoneer had'},{'text': ' spot until retaken. A whiz and rattle of grapeshot among the branches high above his head roused him from his dream. The baffled cannoneer had'}
chunk_119.wav,"{'text': ' fired him a random farewell. He sprang to his feet, rushed up the sloping bank, and plunged into the forest. All that day he traveled,'}","{'text': ' fired him a random farewell. He sprang to his feet, rushed up the sloping bank, and plunged into the forest. All that day he traveled,'}"
chunk_120.wav,"{'text': "" laying his course by the rounding sun the forest seemed interminable nowhere did he discover a break in it not even a woodman's road he had not known that he lived in""}","{'text': "" laying his course by the rounding sun the forest seemed interminable nowhere did he discover a break in it not even a woodman's road he had not known that he lived in""}"
chunk_121.wav,"{'text': ' so wild a region, there was something uncanny in the revelation. By nightfall he was fatigued, foot sore, famishing. The thought of his'}","{'text': ' so wild a region, there was something uncanny in the revelation. By nightfall he was fatigued, foot sore, famishing. The thought of his'}"
chunk_122.wav,"{'text': ' wife and children urged him on. At last he found a road which led him in what he knew to be the right direction. It was as wide and straight as a city street, yet it seemed untraveled'}","{'text': ' wife and children urged him on. At last he found a road which led him in what he knew to be the right direction. It was as wide and straight as a city street, yet it seemed untraveled'}"
chunk_123.wav,{'text': ' No fields bordered it. No dwelling anywhere. Not so much as the barking of a dog suggested human habitation. The black bodies of the trees formed a straight wall'},{'text': ' No fields bordered it. No dwelling anywhere. Not so much as the barking of a dog suggested human habitation. The black bodies of the trees formed a straight wall'}
chunk_124.wav,"{'text': ' on both sides, terminating on the horizon in a point, like a diagram in a lesson in perspective. Overhead, as he looked up through this rift in the wood,'}","{'text': ' on both sides, terminating on the horizon in a point, like a diagram in a lesson in perspective. Overhead, as he looked up through this rift in the wood,'}"
chunk_125.wav,{'text': ' shown great golden stars looking unfamiliar and grouped in strange constellations. He was sure they were arranged in some order which had a secret'},{'text': ' shown great golden stars looking unfamiliar and grouped in strange constellations. He was sure they were arranged in some order which had a secret'}
chunk_126.wav,"{'text': ' and malign significance. The wood on either side was full of singular noises, among which, once, twice, and again, he distinctly heard whispers'}","{'text': ' and malign significance. The wood on either side was full of singular noises, among which, once, twice, and again, he distinctly heard whispers'}"
chunk_127.wav,"{'text': ' an unknown tongue. His neck was in pain, and lifting his hand to it he found it horribly swollen. He knew that it had a circle of black where the rope had'}","{'text': ' an unknown tongue. His neck was in pain, and lifting his hand to it he found it horribly swollen. He knew that it had a circle of black where the rope had'}"
chunk_128.wav,{'text': ' bruised it. His eyes felt congested. He could no longer close them. His tongue was swollen with thirst. He relieved its fever by thrusting it forward from'},{'text': ' bruised it. His eyes felt congested. He could no longer close them. His tongue was swollen with thirst. He relieved its fever by thrusting it forward from'}
chunk_129.wav,"{'text': ' between his teeth into the cold air, how softly the turf had carpeted the untraveled avenue. He could no longer feel the roadway beneath his feet.'}","{'text': ' between his teeth into the cold air, how softly the turf had carpeted the untraveled avenue. He could no longer feel the roadway beneath his feet.'}"
chunk_130.wav,"{'text': ' Doubtless, despite his suffering, he had fallen asleep while walking. For now he sees another scene. Perhaps he was merely recovered from a delirium.'}","{'text': ' Doubtless, despite his suffering, he had fallen asleep while walking. For now he sees another scene. Perhaps he was merely recovered from a delirium.'}"
chunk_131.wav,"{'text': ' He stands at the gate of his own home. All is as he left it, and all bright and beautiful in the morning sunshine. He must have traveled the entire night.'}","{'text': ' He stands at the gate of his own home. All is as he left it, and all bright and beautiful in the morning sunshine. He must have traveled the entire night.'}"
chunk_132.wav,"{'text': ' As he pushes open the gate and passes up the wide, white walk, he sees a flutter of female garments. His wife, looking fresh and cool and sweet,'}","{'text': ' As he pushes open the gate and passes up the wide, white walk, he sees a flutter of female garments. His wife, looking fresh and cool and sweet,'}"
chunk_133.wav,"{'text': ' steps down from the veranda to meet him. At the bottom of the steps, she stands waiting, with a smile of ineffable joy. In added'}","{'text': ' steps down from the veranda to meet him. At the bottom of the steps, she stands waiting, with a smile of ineffable joy. In added'}"
chunk_134.wav,"{'text': ' Ah, how beautiful she is. He springs forward with extended arms. As he is about to clasp her, he is able to grab her by the hands.'}","{'text': ' Ah, how beautiful she is. He springs forward with extended arms. As he is about to clasp her, he is able to grab her by the hands.'}"
chunk_135.wav,{'text': ' He feels a stunning blow upon the back of the neck. A blinding white light blazes all about him with a sound like the shock of a cannon.'},{'text': ' He feels a stunning blow upon the back of the neck. A blinding white light blazes all about him with a sound like the shock of a cannon.'}
chunk_136.wav,"{'text': ' then all is darkness and silence. Payton Farquhar was dead. His body, with a broken neck, swung gently from side'}","{'text': ' then all is darkness and silence. Payton Farquhar was dead. His body, with a broken neck, swung gently from side'}"
chunk_137.wav,{'text': ' Thank you for joining us.'},{'text': ' Thank you for joining us.'}
chunk_138.wav,"{'text': ' If you enjoyed the narration, please subscribe to my channel.'}","{'text': ' If you enjoyed the narration, please subscribe to my channel.'}"
chunk_139.wav,{'text': ' channel and leave any comment that you deem necessary. Thank you.'},{'text': ' channel and leave any comment that you deem necessary. Thank you.'}
